sai kripa,0,0,0
sai kripa,0,0,659738
sai kripa,0,0,0
sai kripa,0,0,0
sai kripa,0,0,0
sai kripa,0,0,0
sai kripa,0,0,0
sai kripa,0,0,0
sai kripa,0,0,0
sai kripa,0,0,0
sai kripa,0,0,0
sai kripa,0,0,0
sai kripa,0,0,0
sai kripa,0,0,0
sai kripa,0,0,0
sai kripa,0,0,0
sai kripa,0,0,0
sai kripa,0,0,0
sai kripa,0,0,0
sai kripa,0,0,0
om agri crops,0,0,0
om agri crops,0,0,0
om agri crops,0,0,0
om agri crops,0,0,0
om agri crops,0,0,0
om agri crops,0,0,0
om agri crops,0,0,0
om agri crops,0,0,0
om agri crops,0,0,0
om agri crops,0,0,0
om agri crops,0,0,0
om agri crops,0,0,0
om agri crops,0,0,0
om agri crops,0,0,0
om agri crops,0,0,0
om agri crops,0,0,0
om agri crops,0,0,0
om agri crops,0,0,0
om agri crops,0,0,0
om agri crops,0,0,0
amul,0,0,0
amul,0,0,0
amul,0,0,0
amul,0,0,0
amul,0,0,0
amul,0,0,0
amul,0,0,0
amul,0,0,0
amul,0,0,0
amul,0,0,0
amul,0,0,0
amul,0,0,0
amul,0,0,0
amul,0,0,0
amul,0,0,0
amul,0,0,0
amul,0,0,0
amul,0,0,0
amul,0,0,0
amul,0,0,0
pratik cop,0,0,0
pratik cop,0,0,0
pratik cop,0,0,0
pratik cop,0,0,0
pratik cop,0,0,0
pratik cop,0,0,0
pratik cop,0,0,0
pratik cop,0,0,0
pratik cop,0,0,0
pratik cop,0,0,0
pratik cop,0,0,0
pratik cop,0,0,0
pratik cop,0,0,0
pratik cop,0,0,0
pratik cop,0,0,0
pratik cop,0,0,0
pratik cop,0,0,0
pratik cop,0,0,0
pratik cop,0,0,0
pratik cop,0,0,0
